INSERT INTO ORA_W5Y9A.GRADUATEDSTUDENT (User No, Name, Age, Employment Status, Contact Information) VALUES ('1','ZACH', 20, TRUE, '2368684041');
INSERT INTO ORA_W5Y9A.GRADUATEDSTUDENT (User No, Name, Age, Employment Status, Contact Information) VALUES ('2','JOSH', 21, TRUE, '2368684042');
INSERT INTO ORA_W5Y9A.GRADUATEDSTUDENT (User No, Name, Age, Employment Status, Contact Information) VALUES ('3','DRAKE', 22, TRUE, '2368684043');
INSERT INTO ORA_W5Y9A.GRADUATEDSTUDENT (User No, Name, Age, Employment Status, Contact Information) VALUES ('4','MAX', 22, TRUE, '2368684044');
INSERT INTO ORA_W5Y9A.GRADUATEDSTUDENT (User No, Name, Age, Employment Status, Contact Information) VALUES ('5','EMMA', 23, TRUE, '2368684045');
INSERT INTO ORA_W5Y9A.GRADUATEDSTUDENT (User No, Name, Age, Employment Status, Contact Information) VALUES ('6','ALVIN', 22, FALSE, '2368684046');
INSERT INTO ORA_W5Y9A.GRADUATEDSTUDENT (User No, Name, Age, Employment Status, Contact Information) VALUES ('7','JOSE', 23, FALSE, '2368684047');
INSERT INTO ORA_W5Y9A.GRADUATEDSTUDENT (User No, Name, Age, Employment Status, Contact Information) VALUES ('8','MYLIE', 22, FALSE, '2368684048');
INSERT INTO ORA_W5Y9A.GRADUATEDSTUDENT (User No, Name, Age, Employment Status, Contact Information) VALUES ('9','KATY', 21, FALSE, '2368684049');
INSERT INTO ORA_W5Y9A.GRADUATEDSTUDENT (User No, Name, Age, Employment Status, Contact Information) VALUES ('10','WALTER', 21, FALSE, '2368684040');

INSERT INTO ORA_W5Y9A.TRANSCRIPTID (Transcript ID, Average, User No) VALUES ('T1', 70, '1');
INSERT INTO ORA_W5Y9A.TRANSCRIPTID (Transcript ID, Average, User No) VALUES ('T2', 72, '2');
INSERT INTO ORA_W5Y9A.TRANSCRIPTID (Transcript ID, Average, User No) VALUES ('T3', 74, '3');
INSERT INTO ORA_W5Y9A.TRANSCRIPTID (Transcript ID, Average, User No) VALUES ('T4', 50, '4');
INSERT INTO ORA_W5Y9A.TRANSCRIPTID (Transcript ID, Average, User No) VALUES ('T5', 90, '5');
INSERT INTO ORA_W5Y9A.TRANSCRIPTID (Transcript ID, Average, User No) VALUES ('T6', 87, '6');

INSERT INTO ORA_W5Y9A.CLUBS (Club ID, Club Name, Club Type) VALUES ('C1', 'CLUB1', 'ART');
INSERT INTO ORA_W5Y9A.CLUBS (Club ID, Club Name, Club Type) VALUES ('C2', 'CLUB2', 'DANCE');
INSERT INTO ORA_W5Y9A.CLUBS (Club ID, Club Name, Club Type) VALUES ('C3', 'CLUB3', 'MUSIC');
INSERT INTO ORA_W5Y9A.CLUBS (Club ID, Club Name, Club Type) VALUES ('C4', 'CLUB4', 'DEVELOPER');
INSERT INTO ORA_W5Y9A.CLUBS (Club ID, Club Name, Club Type) VALUES ('C5', 'CLUB5', 'PROGRAMMING');
INSERT INTO ORA_W5Y9A.CLUBS (Club ID, Club Name, Club Type) VALUES ('C6', 'CLUB6', 'ETHICAL HACKING');
INSERT INTO ORA_W5Y9A.CLUBS (Club ID, Club Name, Club Type) VALUES ('C7', 'CLUB7', 'SOCIAL');
INSERT INTO ORA_W5Y9A.CLUBS (Club ID, Club Name, Club Type) VALUES ('C8', 'CLUB8', 'ETHNIC');






INSERT INTO ORA_W5Y9A.PARTICIPATEDIN (Club ID, User No) VALUES ('C1', '1');
INSERT INTO ORA_W5Y9A.PARTICIPATEDIN (Club ID, User No) VALUES ('C2', '2');
INSERT INTO ORA_W5Y9A.PARTICIPATEDIN (Club ID, User No) VALUES ('C3', '3');
INSERT INTO ORA_W5Y9A.PARTICIPATEDIN (Club ID, User No) VALUES ('C4', '4');
INSERT INTO ORA_W5Y9A.PARTICIPATEDIN (Club ID, User No) VALUES ('C5', '5');
INSERT INTO ORA_W5Y9A.PARTICIPATEDIN (Club ID, User No) VALUES ('C6', '6');
INSERT INTO ORA_W5Y9A.PARTICIPATEDIN (Club ID, User No) VALUES ('C7', '7');
INSERT INTO ORA_W5Y9A.PARTICIPATEDIN (Club ID, User No) VALUES ('C8', '8');

INSERT INTO ORA_W5Y9A.COUNTRY (Country) VALUES ('INDIA');
INSERT INTO ORA_W5Y9A.COUNTRY (Country) VALUES ('CHINA');
INSERT INTO ORA_W5Y9A.COUNTRY (Country) VALUES ('RUSSIA');
INSERT INTO ORA_W5Y9A.COUNTRY (Country) VALUES ('USA');
INSERT INTO ORA_W5Y9A.COUNTRY (Country) VALUES ('UK');
INSERT INTO ORA_W5Y9A.COUNTRY (Country) VALUES ('BRAZIL');
INSERT INTO ORA_W5Y9A.COUNTRY (Country) VALUES ('MEXICO');
INSERT INTO ORA_W5Y9A.COUNTRY (Country) VALUES ('ARGENTINA');

INSERT INTO ORA_W5Y9A.LIVESIN (Country, User No) VALUES ('INDIA', '1');
INSERT INTO ORA_W5Y9A.LIVESIN (Country, User No) VALUES ('CHINA', '2');
INSERT INTO ORA_W5Y9A.LIVESIN (Country, User No) VALUES ('RUSSIA', '3');
INSERT INTO ORA_W5Y9A.LIVESIN (Country, User No) VALUES ('USA', '4');
INSERT INTO ORA_W5Y9A.LIVESIN (Country, User No) VALUES ('UK', '5');
INSERT INTO ORA_W5Y9A.LIVESIN (Country, User No) VALUES ('BRAZIL', '6');
INSERT INTO ORA_W5Y9A.LIVESIN (Country, User No) VALUES ('MEXICO', '7');
INSERT INTO ORA_W5Y9A.LIVESIN (Country, User No) VALUES ('ARGENTINA', '8');

INSERT INTO ORA_W5Y9A.SKILLS (Skills) VALUES ('JAVA');
INSERT INTO ORA_W5Y9A.SKILLS (Skills) VALUES ('PYTHON');
INSERT INTO ORA_W5Y9A.SKILLS (Skills) VALUES ('EXCEL');
INSERT INTO ORA_W5Y9A.SKILLS (Skills) VALUES ('WORD');
INSERT INTO ORA_W5Y9A.SKILLS (Skills) VALUES ('C');
INSERT INTO ORA_W5Y9A.SKILLS (Skills) VALUES ('ACCESS');

INSERT INTO ORA_W5Y9A.HASGRADUATEDSTUDENTSKILLS (Skills, User No) VALUES ('JAVA','1');
INSERT INTO ORA_W5Y9A.HASGRADUATEDSTUDENTSKILLS (Skills, User No) VALUES ('PYTHON','2');
INSERT INTO ORA_W5Y9A.HASGRADUATEDSTUDENTSKILLS (Skills, User No) VALUES ('JAVA','3');
INSERT INTO ORA_W5Y9A.HASGRADUATEDSTUDENTSKILLS (Skills, User No) VALUES ('EXCEL','4');
INSERT INTO ORA_W5Y9A.HASGRADUATEDSTUDENTSKILLS (Skills, User No) VALUES ('WORD','5');
INSERT INTO ORA_W5Y9A.HASGRADUATEDSTUDENTSKILLS (Skills, User No) VALUES ('WORD','6');





INSERT INTO ORA_W5Y9A.EMPLOYMENTPREFERENCE (Preference Rank, Industry Preference) VALUES (1,'Technology');
INSERT INTO ORA_W5Y9A.EMPLOYMENTPREFERENCE (Preference Rank, Industry Preference) VALUES (1,'Automotive');
INSERT INTO ORA_W5Y9A.EMPLOYMENTPREFERENCE (Preference Rank, Industry Preference) VALUES (1,'DJ');
INSERT INTO ORA_W5Y9A.EMPLOYMENTPREFERENCE (Preference Rank, Industry Preference) VALUES (1,'Technology');
INSERT INTO ORA_W5Y9A.EMPLOYMENTPREFERENCE (Preference Rank, Industry Preference) VALUES (1,'Food');
INSERT INTO ORA_W5Y9A.EMPLOYMENTPREFERENCE (Preference Rank, Industry Preference) VALUES (1,'Technology');

INSERT INTO ORA_W5Y9A.UNIVERSITY (Institution Number, Name) VALUES ('1','UBC');
INSERT INTO ORA_W5Y9A.UNIVERSITY (Institution Number, Name) VALUES ('2','SFU');
INSERT INTO ORA_W5Y9A.UNIVERSITY (Institution Number, Name) VALUES ('3','Victoria uni');
INSERT INTO ORA_W5Y9A.UNIVERSITY (Institution Number, Name) VALUES ('4','UoT');
INSERT INTO ORA_W5Y9A.UNIVERSITY (Institution Number, Name) VALUES ('5','SCD');
INSERT INTO ORA_W5Y9A.UNIVERSITY (Institution Number, Name) VALUES ('6','Stanford');

INSERT INTO ORA_W5Y9A.WENTTO (Student No,Institution Number) VALUES ('1','1');
INSERT INTO ORA_W5Y9A.WENTTO (Student No,,Institution Number) VALUES ('2','1');
INSERT INTO ORA_W5Y9A.WENTTO (Student No,Institution Number) VALUES ('3','2');
INSERT INTO ORA_W5Y9A.WENTTO (Student No,Institution Number) VALUES ('4','3');
INSERT INTO ORA_W5Y9A.WENTTO (Student No,Institution Number) VALUES ('5','1');

INSERT INTO ORA_W5Y9A.DEGREE (Degree Code,Degree Name) VALUES ('BASC','APPLIED SCIENCE BACHELORS');
INSERT INTO ORA_W5Y9A.DEGREE (Degree Code,Degree Name) VALUES ('BA','ARTS BACHELORS');
INSERT INTO ORA_W5Y9A.DEGREE (Degree Code,Degree Name) VALUES ('BCOM','COMMERCE BACHELORS');
INSERT INTO ORA_W5Y9A.DEGREE (Degree Code,Degree Name) VALUES ('BENG','ENGINEERING BACHELORS');
INSERT INTO ORA_W5Y9A.DEGREE (Degree Code,Degree Name) VALUES ('BSC',' BACHELORS');


INSERT INTO ORA_W5Y9A.GRADUATEDWITH (User No, Degree Code) VALUES ('1','BASC',);
INSERT INTO ORA_W5Y9A.GRADUATEDWITH (User No, Degree Code) VALUES ('2','BSC',);
INSERT INTO ORA_W5Y9A.GRADUATEDWITH (User No, Degree Code) VALUES ('3','BTECH',);
INSERT INTO ORA_W5Y9A.GRADUATEDWITH (User No, Degree Code) VALUES ('4','BSC',);
INSERT INTO ORA_W5Y9A.GRADUATEDWITH (User No, Degree Code) VALUES ('5','BASC',);

INSERT INTO ORA_W5Y9A.POSTGRADDEGREE (Research focus area, Degree Code) VALUES ('BIOMECHANICAL ANALYSIS','BASC',);
INSERT INTO ORA_W5Y9A.POSTGRADDEGREE (Research focus area, Degree Code) VALUES ('SHAKESPEARE','BA',);
INSERT INTO ORA_W5Y9A.POSTGRADDEGREE (Research focus area, Degree Code) VALUES ('PSYCHOLOGY','BA',);

INSERT INTO ORA_W5Y9A.UNDERGRADDEGREE (SPECIALIZATION,CONCENTRATION,MINOR, Degree Code) VALUES ('A','BASC',);











