
insert into Graduated Student
values('John Booker', 22, 2368685678);

insert into Graduated Student
values ('Kevin Slater', 22, 2368685678);

insert into Graduated Student
values('Michael Vaughan', 22, 2368685678);

insert into Graduated Student
values('Niall Horan', 22, 'Niall@gmail.com');

insert into Graduated Student
values('Kevin Durant', 22, 'kevin@yahoo.co.in');


insert into Transcript
values('ubc1', 1, 86);

insert into Transcript
values ('ubc2', 2, 87);

insert into Transcript
values('sfu1', 3, 53);
 
insert into Transcript
values('sfu2', 4, 99);
 
insert into Transcript
values('fu2', 5, 76);


insert into Clubs
values('ams1', 'junoon', 'dance');
 
insert into Clubs
values ('ams3', 'cvc', 'community');
 
insert into Clubs
values('sed3', 'acapella', 'singing');
 
insert into Clubs
values('sed4', 'acapella', 'singing');
 
insert into Clubs
values('sed5', 'acapella', 'singing');



insert into ParticipatedIn
values('ams1', 1);
 
insert into ParticipatedIn
values ('ams3', 2);
 
insert into ParticipatedIn
values('sed3', 3);
 
insert into ParticipatedIn
values('sed4', 4);
 
insert into ParticipatedIn
values('sed5', 5);



insert into Country
values(‘India’);
 
insert into Country
values (‘Italy’);
 
insert into Country
values(‘Canada’);
 
insert into Country
values(‘Russia’);
 
insert into Country
values(‘United States’);



insert into LivesIn
values(‘India’, 1);
 
insert into LivesIn
values (‘Italy’, 2);
 
insert into LivesIn
values(‘Canada’, 3);
 
insert into LivesIn
values(‘Russia’, 4);
 
insert into LivesIn
values(‘United States’, 5);



insert into Skills
values(‘Java’, ‘jv’);
 
insert into Skills
values (‘Python’, ‘py’);
 
insert into Skills
values(‘Excel’, ‘ex’);
 
insert into Skills
values(‘Word’, ‘wd’);
 
insert into Skills
values(‘SQL’, ‘sq’);



insert into CertificationOfSkills
values(‘J1’, ‘Java’, ‘Java-level1’);
 
insert into CertificationOfSkills
values (‘P2u’, ‘Python’, ‘Python- ucertification’);
 
insert into CertificationOfSkills
values(‘E2 ‘, ‘Excel’, ‘Excel-uni’);
 
insert into CertificationOfSkills
values(‘WM ‘, ‘Word’, ‘Word-master-CourseEra’);
 
insert into CertificationOfSkills
values(‘SQL-udemy ‘, ‘SQL’, ‘Udemy-Sql-PROFICIENCY’);
insert into HasGraduatedStudentSkills
values(‘Java’, 1);
 
insert into HasGraduatedStudentSkills
values (‘Python’, 2);
 
insert into HasGraduatedStudentSkills
values(‘Excel’, 3);
 
insert into HasGraduatedStudentSkills
values(‘Word’, 4);
 
insert into HasGraduatedStudentSkills
values(‘SQL’, 5);




insert into EmploymentPreference
values(1, 1, ‘Automobile’);
 
insert into EmploymentPreference
values (2, 1, ‘Electronics’);
 
insert into EmploymentPreference
values(3, 2, ‘Software’);
 
insert into EmploymentPreference
values(4, 3, ‘Aviation’);
 
insert into University 
values(5, 1, ‘Publishing’);



insert into University
values( ‘O19330231062’, ‘UBC’);
 
insert into University
values (‘O18781994282’, ‘SFU’);
 
insert into University
values(‘OT1’, ‘UTO’);
 
insert into University
values(‘MS3’, ‘Georgia West’);
 
insert into University
values(‘AW3390II’, ‘Polyventic University’);



insert into WentTo
values(1, ‘O19330231062’);
 
insert into WentTo
values (2, ‘O19330231062);
 
insert into WentTo
values(3, ‘O18781994282);
 
insert into WentTo
values(4, ‘O18781994282);
 
insert into WentTo
values(5, ‘AW3390II);



insert into Degree
values(‘BASC’, ‘Bachelor Applied Science’);
 
insert into Degree
values (‘BCOM’, ‘Bachelor Commerce’);
 
insert into Degree
values(‘BSC’, ‘Bachelor Science’);
 
insert into Degree
values(‘MS’, ‘Master in Science’);
 
insert into Degree
values(‘MA’, ‘Masters in Arts’);



insert into GraduatedWith
values(7, ‘O19330231062’, ‘BASC’);
 
insert into GraduatedWith
values (8, ‘O19330231062, ‘BCOM’);
 
insert into GraduatedWith
values(9, ‘O18781994282, ‘BSC’);
 
insert into GraduatedWith
values(10, ‘O18781994282, ‘MS’);
 
insert into GraduatedWith
values(11, ‘AW3390II, ‘MA’);



insert into PostGraduateDegree
values(‘MS’, ‘microorganisms’);
 
insert into PostGraduateDegree
values (‘MBA’, OPLOG);
 
insert into PostGraduateDegree
values( ‘MD’, ‘cardioventricular applications’);
 
insert into PostGraduateDegree
values( ‘MR’, ‘thoracic explorations’);
 
insert into PostGraduateDegree
values(‘MA’, ‘Indian history);


insert into UndergraduateDegree
values(‘BASC’, ‘materials’, NULL);
 
insert into UndergraduateDegree
values (‘BNC’, ‘geographic resources’, NULL);
 
insert into UndergraduateDegree
values(‘BD’, ‘cricket’, ‘Fielding’);
 
insert into UndergraduateDegree
values(‘BG’, ‘architectural design’, NULL );
 
insert into UndergraduateDegree
values(‘BH’, ‘hospitality, ‘resources management’ );
